,_politicianId,_stateId,party,partyOther,district,firstName,lastName,nickname,middleName,fullName,dob,gender,socialFacebook,socialTwitter,socialYoutube,website,chamber,committees,stats.dateLastTraded,stats.countTrades,stats.countIssuers,stats.volume
0,F000462,fl,democrat,,21,Lois,Frankel,,Jane,"Frankel, Lois Jane",1948-05-16,female,RepLoisFrankel,@RepLoisFrankel,reploisfrankel,https://frankel.house.gov,house,"['hsap', 'hsvr']",2022-09-14,437,142,3496000
1,C001114,ut,republican,,3,John,Curtis,,Ream,"Curtis, John Ream",1960-05-10,male,RepJohnCurtis,@RepJohnCurtis,,https://curtis.house.gov,house,['hsif'],2022-09-14,202,116,1995000
2,A000378,ia,democrat,,3,Cynthia,Axne,Cindy,Lynne,"Axne, Cynthia Lynne (Cindy)",1965-04-20,female,,@RepCindyAxne,,https://axne.house.gov,house,"['hsag', 'hsba']",2022-09-08,158,42,1264000
3,G000563,oh,republican,,7,Robert,Gibbs,Bob,Brian,"Gibbs, Robert Brian (Bob)",1954-06-14,male,RepBobGibbs,@RepBobGibbs,RepBobGibbs,https://gibbs.house.gov,house,"['hsgo', 'hspw']",2022-09-06,61,38,725937
4,M001135,nc,democrat,,6,Kathy,Manning,,Ellen,"Manning, Kathy Ellen",1956-12-03,female,,@RepKManning,,https://manning.house.gov/,house,"['hsed', 'hsfa']",2022-09-01,453,152,8444500
5,D000617,wa,democrat,,1,Suzan,DelBene,,Kay,"DelBene, Suzan Kay Oliver",1962-02-17,female,RepDelBene,@RepDelBene,,https://delbene.house.gov,house,['hswm'],2022-09-01,190,48,139858000
6,H001074,in,republican,,9,Joseph,Hollingsworth,Trey,Albert,"Hollingsworth, Joseph Albert (Trey)",1983-09-12,male,reptrey,@reptrey,,https://hollingsworth.house.gov,house,['hsba'],2022-09-01,94,6,10000500
7,S000929,in,republican,,5,Victoria,Spartz,,,"Spartz, Victoria",1978-10-06,female,,@RepSpartz,,https://spartz.house.gov/,house,"['hsed', 'hsju']",2022-09-01,13,3,1836500
8,S001209,va,democrat,,7,Abigail,Spanberger,,Anne,"Spanberger, Abigail Anne",1979-08-07,female,,@RepSpanberger,,https://spanberger.house.gov,house,"['hsag', 'hsfa']",2022-09-01,3,1,24000
9,K000389,ca,democrat,,17,Rohit,Khanna,Ro,,"Khanna, Rohit (Ro)",1976-09-13,male,RepRoKhanna,@RepRoKhanna,,https://khanna.house.gov,house,"['hsag', 'hsas', 'hsgo']",2022-08-31,13234,1250,213927500
10,M001157,tx,republican,,10,Michael,McCaul,,Thomas,"McCaul, Michael Thomas, Sr",1962-01-14,male,michaeltmccaul,@RepMcCaul,MichaelTMcCaul,https://mccaul.house.gov,house,"['hsfa', 'hshm']",2022-08-31,6654,597,489657500
11,T000278,al,republican,,,Thomas,Tuberville,Tommy,Hawley,"Tuberville, Thomas Hawley (Tommy)",1954-09-18,male,,@SenTuberville,,https://www.tuberville.senate.gov/,senate,"['ssaf', 'ssas', 'sshr', 'ssva']",2022-08-31,533,179,13612000
12,F000450,nc,republican,,5,Virginia,Foxx,,Ann,"Foxx, Virginia Ann",1943-06-29,female,RepVirginiaFoxx,@VirginiaFoxx,repvirginiafoxx,https://foxx.house.gov,house,"['hsed', 'hsgo']",2022-08-31,381,78,10907500
13,B001248,tx,republican,,26,Michael,Burgess,,Clifton,"Burgess, Michael Clifton",1950-12-23,male,michaelcburgess,@MichaelCBurgess,michaelcburgessmd,https://burgess.house.gov,house,"['hsbu', 'hsif', 'hsru']",2022-08-31,29,8,340230
14,W000804,va,republican,,1,Robert,Wittman,Rob,Joseph,"Wittman, Robert Joseph (Rob)",1959-02-03,male,RepRobWittman,@RobWittman,RobWittman,https://wittman.house.gov,house,"['hsas', 'hsii']",2022-08-30,125,81,1024500
15,C001078,va,democrat,,11,Gerald,Connolly,Gerry,Edward,"Connolly, Gerald Edward (Gerry)",1950-03-30,male,CongressmanGerryConnolly,@GerryConnolly,repconnolly,https://connolly.house.gov,house,"['hsfa', 'hsgo']",2022-08-30,22,7,298500
16,G000590,tn,republican,,7,Mark,Green,,Edward,"Green, Mark Edward",1964-11-08,male,,@RepMarkGreen,,https://markgreen.house.gov,house,"['hsas', 'hsfa']",2022-08-29,609,45,90234500
17,G000583,nj,democrat,,5,Joshua,Gottheimer,Josh,S,"Gottheimer, Joshua S (Josh)",1975-03-08,male,RepJoshG,@RepJoshG,,https://gottheimer.house.gov,house,"['hsba', 'hshm']",2022-08-26,1264,317,131991000
18,L000579,ca,democrat,,47,Alan,Lowenthal,,Stuart,"Lowenthal, Alan Stuart",1941-03-08,male,RepLowenthal,@RepLowenthal,RepLowenthal,https://lowenthal.house.gov,house,"['hsii', 'hspw']",2022-08-26,699,115,5916037
19,S000344,ca,democrat,,30,Bradley,Sherman,Brad,James,"Sherman, Bradley James (Brad)",1954-10-24,male,63158229861,@BradSherman,shermanca27,https://sherman.house.gov,house,"['hsba', 'hsfa', 'hssy']",2022-08-26,3,1,1157500
20,H001082,ok,republican,,1,Kevin,Hern,,Ray,"Hern, Kevin Ray",1961-12-04,male,,@repkevinhern,,https://hern.house.gov,house,['hswm'],2022-08-25,478,141,34321000
21,L000397,ca,democrat,,19,Susan,Lofgren,Zoe,Ellen,"Lofgren, Susan Ellen (Zoe)",1947-12-21,female,zoelofgren,@RepZoeLofgren,RepZoeLofgren,https://lofgren.house.gov,house,"['hsha', 'hsju', 'hsmh', 'hssy']",2022-08-25,203,121,1722000
22,S001180,or,democrat,,5,Walter,Schrader,Kurt,Kurt,"Schrader, Walter Kurt (Kurt)",1951-10-19,male,repschrader,@RepSchrader,repkurtschrader,https://schrader.house.gov,house,['hsif'],2022-08-24,430,162,4830500
23,P000197,ca,democrat,,12,Nancy,Pelosi,,Patricia,"Pelosi, Nancy Patricia",1940-03-26,female,NancyPelosi,@SpeakerPelosi,nancypelosi,https://pelosi.house.gov,house,[],2022-08-24,77,24,64976944
24,C001068,tn,democrat,,9,Stephen,Cohen,Steve,Ira,"Cohen, Stephen Ira (Steve)",1949-05-24,male,CongressmanSteveCohen,@RepCohen,repcohen,https://cohen.house.gov,house,"['hsii', 'hsju', 'hspw']",2022-08-23,63,38,1251000
25,G000591,ms,republican,,3,Michael,Guest,,Patrick,"Guest, Michael Patrick",1970-02-04,male,,@RepMichaelGuest,,https://guest.house.gov,house,"['hshm', 'hspw', 'hsso']",2022-08-23,15,10,486000
26,H001086,tn,republican,,1,Diana,Harshbarger,,,"Harshbarger, Diana",1960-01-01,female,,@RepHarshbarger,,https://harshbarger.house.gov/,house,"['hsed', 'hshm']",2022-08-19,3261,242,30245500
27,H000601,tn,republican,,,William,Hagerty,Bill,Francis IV,"Hagerty, William Francis IV (Bill)",1959-08-14,male,,@SenatorHagerty,,https://www.hagerty.senate.gov,senate,"['ssap', 'ssbk', 'ssfr', 'ssra']",2022-08-19,51,26,30919000
28,W000797,fl,democrat,,23,Deborah,Wasserman Schultz,Debbie,,"Wasserman Schultz, Deborah (Debbie)",1966-09-27,female,RepDWS,@RepDWStweets,RepWassermanSchultz,https://wassermanschultz.house.gov,house,"['hsap', 'hsgo']",2022-08-19,24,7,192000
29,C000174,de,democrat,,,Thomas,Carper,,Richard,"Carper, Thomas Richard",1947-01-23,male,tomcarper,@SenatorCarper,senatorcarper,https://www.carper.senate.gov/public,senate,"['ssev', 'ssfi', 'ssga']",2022-08-18,549,214,6125000
30,L000559,ri,democrat,,2,James,Langevin,Jim,R,"Langevin, James R (Jim)",1964-04-22,male,CongressmanJimLangevin,@JimLangevin,jimlangevin,https://langevin.house.gov,house,"['hsas', 'hshm']",2022-08-17,270,21,7699500
31,D000399,tx,democrat,,35,Lloyd,Doggett,,Alton,"Doggett, Lloyd Alton",1946-10-06,male,lloyddoggett,@RepLloydDoggett,doggett,https://doggett.house.gov,house,"['hsbu', 'hswm']",2022-08-16,58,6,464000
32,B000574,or,democrat,,3,Earl,Blumenauer,,Francis,"Blumenauer, Earl Francis",1948-08-16,male,,@BlumenauerMedia,RepBlumenauer,https://blumenauer.house.gov,house,['hswm'],2022-08-15,250,106,5118500
33,D000628,fl,republican,,2,Neal,Dunn,,Patrick,"Dunn, Neal Patrick",1953-02-16,male,drnealdunnfl2,@drnealdunnfl2,,https://dunn.house.gov,house,['hsif'],2022-08-15,59,10,4010000
34,A000372,ga,republican,,12,Richard,Allen,Rick,Wayne,"Allen, Richard Wayne (Rick)",1951-11-07,male,CongressmanRickAllen,@reprickallen,,https://allen.house.gov,house,"['hsag', 'hsed']",2022-08-15,44,27,1116500
35,P000608,ca,democrat,,52,Scott,Peters,,Harvey,"Peters, Scott Harvey",1958-06-17,male,RepScottPeters,@RepScottPeters,,https://scottpeters.house.gov,house,"['hsbu', 'hsif', 'hssm']",2022-08-12,124,66,54388000
36,G000061,ca,republican,,25,Michael,Garcia,Mike,,"Garcia, Michael (Mike)",1976-04-24,male,RepMikeGarcia,@RepMikeGarcia,,https://mikegarcia.house.gov,house,"['hsap', 'hssy']",2022-08-12,47,15,1318500
37,B001277,ct,democrat,,,Richard,Blumenthal,,,"Blumenthal, Richard",1946-02-13,male,SenBlumenthal,@SenBlumenthal,SenatorBlumenthal,https://www.blumenthal.senate.gov,senate,"['spag', 'ssas', 'sscm', 'ssju', 'ssva']",2022-08-11,321,106,60873000
38,H000273,co,democrat,,,John,Hickenlooper,,Wright,"Hickenlooper, John Wright, Jr",1952-02-07,male,,@SenatorHick,,https://www.hickenlooper.senate.gov,senate,"['sscm', 'sseg', 'sshr', 'sssb']",2022-08-11,48,25,6252500
39,C001035,me,republican,,,Susan,Collins,,Margaret,"Collins, Susan Margaret",1952-12-07,female,susancollins,@SenatorCollins,SenatorSusanCollins,https://www.collins.senate.gov,senate,"['slin', 'spag', 'ssap', 'sshr']",2022-08-10,30,27,1426500
40,M001205,wv,republican,,3,Carol,Miller,,Devine,"Miller, Carol Devine",1950-11-04,female,,@RepCarolMiller,,https://miller.house.gov,house,"['hscn', 'hswm']",2022-08-08,57,43,1460500
41,E000296,pa,democrat,,3,Dwight,Evans,,E,"Evans, Dwight E",1954-05-16,male,RepDwightEvans,@RepDwightEvans,,https://evans.house.gov,house,"['hssm', 'hswm']",2022-08-05,80,48,756000
42,S001201,ny,democrat,,3,Thomas,Suozzi,Tom,Richard,"Suozzi, Thomas Richard (Tom)",1962-08-31,male,RepTomSuozzi,@RepTomSuozzi,,https://suozzi.house.gov,house,['hswm'],2022-08-03,346,122,11697897
43,D000624,mi,democrat,,12,Deborah,Dingell,Debbie,Ann,"Dingell, Deborah Ann (Debbie)",1953-11-23,female,RepDebbieDingell,@RepDebDingell,,https://debbiedingell.house.gov,house,"['hsif', 'hsii']",2022-08-03,42,29,1149500
44,S001217,fl,republican,,,Richard,Scott,Rick,Lynn,"Scott, Richard Lynn (Rick)",1952-12-01,male,,@SenRickScott,,https://www.rickscott.senate.gov,senate,"['spag', 'ssas', 'ssbu', 'sscm', 'ssga']",2022-08-01,126,39,104432000
45,E000298,ks,republican,,4,Ronald,Estes,Ron,Gene,"Estes, Ronald Gene (Ron)",1956-07-19,male,RepRonEstes,@RepRonEstes,,https://estes.house.gov,house,['hswm'],2022-08-01,13,7,153000
46,B001292,va,democrat,,8,Donald,Beyer,Don,Sternoff,"Beyer, Donald Sternoff, Jr (Don)",1950-06-20,male,RepDonBeyer,@RepDonBeyer,,https://beyer.house.gov,house,"['hssy', 'hswm']",2022-07-28,924,109,45302222
47,B001236,ar,republican,,,John,Boozman,,Nichols,"Boozman, John Nichols",1950-12-10,male,JohnBoozman,@JohnBoozman,BoozmanPressOffice,https://www.boozman.senate.gov/public,senate,"['jcse', 'ssaf', 'ssap', 'ssev', 'ssva']",2022-07-27,308,94,4193000
48,L000564,co,republican,,5,Douglas,Lamborn,Doug,Lawrence,"Lamborn, Douglas Lawrence (Doug)",1954-05-24,male,CongressmanDougLamborn,@RepDLamborn,CongressmanLamborn,https://lamborn.house.gov,house,"['hsas', 'hsii']",2022-07-25,161,1,2807000
49,J000020,ny,republican,,27,Christopher,Jacobs,Chris,Louis,"Jacobs, Christopher Louis (Chris)",1966-11-28,male,,@RepJacobs,,https://jacobs.house.gov,house,"['hsag', 'hsbu']",2022-07-22,205,142,5390500
50,B001274,al,republican,,5,Morris,Brooks,Mo,Jackson,"Brooks, Morris Jackson Jr (Mo)",1954-04-29,male,RepMoBrooks,@RepMoBrooks,RepMoBrooks,https://brooks.house.gov,house,"['hsas', 'hssy']",2022-07-22,51,31,800000
51,F000459,tn,republican,,3,Charles,Fleischmann,Chuck,Joseph,"Fleischmann, Charles Joseph (Chuck)",1962-10-11,male,repchuck,@RepChuck,repchuck,https://fleischmann.house.gov,house,['hsap'],2022-07-21,187,79,1875000
52,P000595,mi,democrat,,,Gary,Peters,,Charles,"Peters, Gary Charles, Sr",1958-12-01,male,SenGaryPeters,@SenGaryPeters,RepGaryPeters,https://www.peters.senate.gov,senate,"['ssas', 'sscm', 'ssga']",2022-07-20,36,31,435000
53,K000376,pa,republican,,16,George,Kelly,Mike,Joseph,"Kelly, George Joseph, Jr (Mike)",1948-05-10,male,191056827594903,@MikeKellyPA,repmikekelly,https://kelly.house.gov,house,['hswm'],2022-07-13,34,23,3219500
54,W000812,mo,republican,,2,Ann,Wagner,,Louise,"Wagner, Ann Louise",1962-09-13,female,RepAnnWagner,@RepAnnWagner,,https://wagner.house.gov,house,"['hsba', 'hsfa']",2022-07-13,23,22,4225000
55,L000566,oh,republican,,5,Robert,Latta,Bob,Edward,"Latta, Robert Edward (Bob)",1956-04-18,male,boblatta,@BobLatta,CongressmanBobLatta,https://latta.house.gov,house,"['hsif', 'hsmh']",2022-07-12,2,1,16000
56,C001047,wv,republican,,,Shelley,Capito,,Wellons,"Capito, Shelley Wellons Moore",1953-11-26,female,senshelley,@SenCapito,,https://www.capito.senate.gov,senate,"['ssap', 'sscm', 'ssev', 'ssra']",2022-07-11,71,45,1283000
57,S000250,tx,republican,,17,Peter,Sessions,Pete,Anderson,"Sessions, Peter Anderson (Pete)",1955-03-22,male,petesessions,@PeteSessions,PeteSessions,https://sessions.house.gov,house,"['hsgo', 'hssy']",2022-07-08,79,49,1638848
58,C001101,ma,democrat,,5,Katherine,Clark,,Marlea,"Clark, Katherine Marlea",1963-07-17,female,CongresswomanClark,@RepKClark,,https://katherineclark.house.gov,house,['hsap'],2022-07-07,289,70,3253500
59,M001180,wv,republican,,1,David,McKinley,,Bennett,"McKinley, David Bennett",1947-03-28,male,RepMcKinley,@RepMcKinley,RepDavidMcKinley,https://mckinley.house.gov,house,['hsif'],2022-07-07,155,48,2277670
60,W000805,va,democrat,,,Mark,Warner,,Robert,"Warner, Mark Robert",1954-12-15,male,MarkRWarner,@MarkWarner,SenatorMarkWarner,https://www.warner.senate.gov,senate,"['slin', 'ssbk', 'ssbu', 'ssfi', 'ssra']",2022-07-06,23,13,22415500
61,G000359,sc,republican,,,Lindsey,Graham,,Olin,"Graham, Lindsey Olin",1955-07-09,male,USSenatorLindseyGraham,@GrahamBlog,USSenLindseyGraham,https://www.lgraham.senate.gov/public,senate,"['ssap', 'ssbu', 'ssev', 'ssju']",2022-06-30,3,3,73000
62,G000588,oh,republican,,16,Anthony,Gonzalez,,E,"Gonzalez, Anthony E",1984-09-19,male,,@RepAGonzalez,,https://anthonygonzalez.house.gov,house,"['hsba', 'hssy']",2022-06-28,9,8,813500
63,M001186,mi,republican,,3,Peter,Meijer,,James,"Meijer, Peter James",1988-01-10,male,,@RepMeijer,,https://meijer.house.gov/,house,"['hsfa', 'hshm', 'hssy']",2022-06-27,270,213,4936500
64,F000463,ne,republican,,,Debra,Fischer,Deb,Lynelle,"Fischer, Debra Lynelle Strobel (Deb)",1951-03-01,female,senatordebfischer,@SenatorFischer,senatordebfischer,https://www.fischer.senate.gov,senate,"['slet', 'ssaf', 'ssas', 'sscm', 'ssra']",2022-06-23,4,4,166000
65,S001198,ak,republican,,,Daniel,Sullivan,Dan,Scott,"Sullivan, Daniel Scott (Dan)",1964-11-13,male,SenDanSullivan,@SenDanSullivan,,https://www.sullivan.senate.gov,senate,"['ssas', 'sscm', 'ssev', 'ssva']",2022-06-21,8,2,405500
66,D000629,ks,democrat,,3,Sharice,Davids,,Lynnette,"Davids, Sharice Lynnette",1980-05-22,female,,@RepDavids,,https://davids.house.gov,house,"['hspw', 'hssm']",2022-06-21,6,5,10500
67,S000168,fl,republican,,27,Maria,Salazar,,Elvira,"Salazar, Maria Elvira",1961-11-01,female,,@RepMariaSalazar,,https://salazar.house.gov/,house,"['hsfa', 'hssm']",2022-06-21,3,3,925000
68,G000596,ga,republican,,14,Marjorie,Greene,,Taylor,"Greene, Marjorie Taylor",1974-05-27,female,,@RepMTG,,https://greene.house.gov/,house,[],2022-06-10,114,67,1671000
69,M000087,ny,democrat,,12,Carolyn,Maloney,,Bosher,"Maloney, Carolyn Bosher",1946-02-19,female,RepCarolynMaloney,@RepMaloney,carolynbmaloney,https://maloney.house.gov,house,"['hsba', 'hsgo']",2022-06-08,14,7,1550000
70,R000395,ky,republican,,5,Harold,Rogers,,Dallas,"Rogers, Harold Dallas",1937-12-31,male,CongressmanHalRogers,@RepHalRogers,RepHalRogers,https://halrogers.house.gov,house,['hsap'],2022-06-07,48,31,457500
71,S001204,gu,democrat,,At-Large,Michael,San Nicolas,,Franklin Quitugua,"San Nicolas, Michael Franklin Quitugua",1981-01-30,male,,@GuamCongressman,,https://sannicolas.house.gov,house,"['hsba', 'hsii']",2022-06-07,4,1,1500000
72,B000575,mo,republican,,,Roy,Blunt,,Dean,"Blunt, Roy Dean",1950-01-10,male,SenatorBlunt,@RoyBlunt,SenatorBlunt,https://www.blunt.senate.gov,senate,"['jslc', 'jspr', 'slin', 'ssap', 'sscm', 'ssra']",2022-06-06,7,6,263500
73,M001163,ca,democrat,,6,Doris,Matsui,,Okada,"Matsui, Doris Okada",1944-09-25,female,doris.matsui,@DorisMatsui,RepDorisMatsui,https://matsui.house.gov,house,"['hsif', 'hsii']",2022-06-03,16,5,12333000
74,M000355,ky,republican,,,Addison,McConnell,Mitch,Mitchell,"McConnell, Addison Mitchell, Jr (Mitch)",1942-02-20,male,mitchmcconnell,@McConnellPress,,https://www.mcconnell.senate.gov,senate,"['slin', 'ssaf', 'ssap', 'ssra']",2022-06-03,11,1,88000
75,J000305,ca,democrat,,53,Sara,Jacobs,,Josephine,"Jacobs, Sara Josephine",1989-02-01,female,,@RepSaraJacobs,,https://sarajacobs.house.gov/,house,"['hsas', 'hsfa']",2022-05-31,64,55,7413000
76,G000581,tx,democrat,,15,Vicente,Gonzalez,,,"Gonzalez, Vicente Jr",1967-09-04,male,USCongressmanVicenteGonzalez,@RepGonzalez,,https://gonzalez.house.gov,house,"['hsba', 'hsfa']",2022-05-29,2,2,183000
77,K000375,ma,democrat,,9,William,Keating,Bill,Richard,"Keating, William Richard (Bill)",1952-09-06,male,Congressman.Keating,@USRepKeating,RepBillKeating,https://keating.house.gov,house,"['hsas', 'hsfa']",2022-05-26,75,59,1114500
78,P000597,me,democrat,,1,Rochelle,Pingree,Chellie,Marie,"Pingree, Rochelle Marie (Chellie)",1955-04-02,female,ChelliePingree,@ChelliePingree,congresswomanpingree,https://pingree.house.gov,house,"['hsag', 'hsap']",2022-05-26,5,1,1650000
79,C001053,ok,republican,,4,Thomas,Cole,Tom,Jeffery,"Cole, Thomas Jeffery (Tom)",1949-04-28,male,TomColeOK04,@TomColeOK04,reptomcole,https://cole.house.gov,house,"['hsap', 'hsru']",2022-05-25,4,4,798500
80,S001207,nj,democrat,,11,Rebecca,Sherrill,Mikie,Michelle,"Sherrill, Rebecca Michelle (Mikie)",1972-01-19,female,,@RepSherrill,,https://sherrill.house.gov,house,"['hsas', 'hsed', 'hssy']",2022-05-23,172,120,3324445
81,P000593,co,democrat,,7,Edwin,Perlmutter,Ed,George,"Perlmutter, Edwin George (Ed)",1953-05-01,male,RepPerlmutter,@RepPerlmutter,RepPerlmutter,https://perlmutter.house.gov,house,"['hsba', 'hsmh', 'hsru', 'hssy']",2022-05-20,56,20,448000
82,J000295,oh,republican,,14,David,Joyce,,Patrick,"Joyce, David Patrick",1957-03-17,male,RepDaveJoyce,@RepDaveJoyce,repdavejoyce,https://joyce.house.gov,house,"['hsap', 'hsso']",2022-05-19,25,16,438500
83,C001104,nc,republican,,11,David,Cawthorn,Madison,Madison,"Cawthorn, David Madison (Madison)",1995-08-01,male,,@RepCawthorn,,https://cawthorn.house.gov/,house,"['hsed', 'hsvr']",2022-05-18,30,8,1336000
84,L000590,nv,democrat,,3,Suzanne,Lee,Susie,Marie,"Lee, Suzanne Marie (Susie)",1966-11-07,female,,@RepSusieLee,,https://susielee.house.gov,house,['hsap'],2022-05-12,798,240,6564001
85,T000250,sd,republican,,,John,Thune,,Randolph,"Thune, John Randolph",1961-01-07,male,,@SenJohnThune,johnthune,https://www.thune.senate.gov,senate,"['ssaf', 'sscm', 'ssfi']",2022-05-05,3,2,97500
86,C001088,de,democrat,,,Christopher,Coons,,Andrew,"Coons, Christopher Andrew",1963-09-09,male,senatorchriscoons,@ChrisCoons,senatorchriscoons,https://www.coons.senate.gov,senate,"['slet', 'ssap', 'ssfr', 'ssju', 'sssb']",2022-05-03,10,1,2124000
87,M001210,nc,republican,,3,Gregory,Murphy,Greg,Francis,"Murphy, Gregory Francis (Greg)",1963-03-05,male,,@RepGregMurphy,,https://gregmurphy.house.gov/,house,"['hsed', 'hsvr']",2022-05-01,3,3,525000
88,M001199,fl,republican,,18,Brian,Mast,,Jeffery,"Mast, Brian Jeffery",1980-07-10,male,repbrianmast,@repbrianmast,repbrianmast,https://mast.house.gov,house,"['hsfa', 'hspw']",2022-04-18,48,18,1344500
89,P000048,tx,republican,,11,August,Pfluger,,Lee,"Pfluger, August Lee",1978-12-28,male,,@RepPfluger,,https://pfluger.house.gov/,house,"['hsfa', 'hshm']",2022-04-12,21,10,192500
90,W000802,ri,democrat,,,Sheldon,Whitehouse,,,"Whitehouse, Sheldon",1955-10-20,male,SenatorWhitehouse,@SenWhitehouse,SenatorWhitehouse,https://www.whitehouse.senate.gov,senate,"['jcse', 'scnc', 'ssbu', 'ssev', 'ssfi', 'ssju']",2022-04-11,46,25,784500
91,K000392,tn,republican,,8,David,Kustoff,,Frank,"Kustoff, David Frank",1966-10-08,male,RepDavidKustoff,@repdavidkustoff,,https://kustoff.house.gov,house,['hsba'],2022-04-11,23,13,506902
92,R000608,nv,democrat,,,Jacklyn,Rosen,,Sheryl,"Rosen, Jacklyn Sheryl",1957-08-02,female,RepJackyRosen,@SenJackyRosen,,https://www.rosen.senate.gov,senate,"['scnc', 'spag', 'ssas', 'sscm', 'ssga', 'sshr', 'sssb']",2022-04-08,14,10,112000
93,C001069,ct,democrat,,2,Joseph,Courtney,Joe,Darren,"Courtney, Joseph Darren (Joe)",1953-04-06,male,joecourtney,@RepJoeCourtney,repcourtney,https://courtney.house.gov,house,"['hsas', 'hsed']",2022-04-05,162,110,1639000
94,S001203,mn,democrat,,,Christine,Smith,Tina,Elizabeth,"Smith, Christine Elizabeth (Tina)",1958-03-04,female,USSenTinaSmith,@SenTinaSmith,,https://www.smith.senate.gov,senate,"['slia', 'ssaf', 'ssbk', 'sshr']",2022-04-04,8,6,1205500
95,R000609,fl,republican,,4,John,Rutherford,,Henry,"Rutherford, John Henry",1952-09-02,male,RepRutherfordFL,@RepRutherfordFL,,https://rutherford.house.gov,house,"['hsap', 'hsso']",2022-03-23,171,122,1417000
96,S001216,wa,democrat,,8,Kimberly,Schrier,Kim,Merle,"Schrier, Kimberly Merle (Kim)",1968-08-23,female,,@RepKimSchrier,,https://schrier.house.gov,house,"['hsag', 'hsif']",2022-03-22,39,23,11963000
97,A000148,ma,democrat,,4,Jacob,Auchincloss,Jake,Daniel,"Auchincloss, Jacob Daniel (Jake)",1988-01-29,male,,@RepAuchincloss,,https://auchincloss.house.gov/,house,"['hsba', 'hspw']",2022-03-22,1,1,32500
98,F000472,fl,republican,,15,Clifford,Franklin,,Scott,"Franklin, Clifford Scott",1964-08-23,male,,@RepFranklin,,https://franklin.house.gov/,house,"['hsas', 'hsgo']",2022-03-21,38,23,9495009
99,P000523,nc,democrat,,4,David,Price,,Eugene,"Price, David Eugene",1940-08-17,male,RepDavidEPrice,@RepDavidEPrice,RepDavidPrice,https://price.house.gov,house,"['hsap', 'hsbu']",2022-03-17,21,16,209733
100,C001059,ca,democrat,,16,James,Costa,Jim,Manuel,"Costa, James Manuel (Jim)",1952-04-13,male,RepJimCosta,@RepJimCosta,RepJimCostaCA20,https://costa.house.gov,house,"['hsag', 'hsfa', 'hsii']",2022-03-16,1,1,32500
101,W000779,or,democrat,,,Ronald,Wyden,Ron,Lee,"Wyden, Ronald Lee (Ron)",1949-05-03,male,,@RonWyden,senronwyden,https://www.wyden.senate.gov,senate,"['jstx', 'slin', 'ssbu', 'sseg', 'ssfi']",2022-02-24,269,70,11956500
102,T000461,pa,republican,,,Patrick,Toomey,Pat,Joseph,"Toomey, Patrick Joseph (Pat), Jr",1961-11-17,male,senatortoomey,@SenToomey,sentoomey,https://www.toomey.senate.gov,senate,"['ssbk', 'ssbu', 'ssfi']",2022-02-24,43,27,491000
103,L000576,mo,republican,,7,William,Long,Billy,Hollis,"Long, William Hollis II (Billy)",1955-08-11,male,Rep.Billy.Long,@USRepLong,MOdistrict7,https://long.house.gov,house,['hsif'],2022-02-24,32,6,1682000
104,S001214,fl,republican,,17,William,Steube,Greg,Gregory,"Steube, William Gregory (Greg)",1978-05-19,male,,@RepGregSteube,,https://steube.house.gov,house,"['hsfa', 'hsju']",2022-02-23,10,1,104500
105,B001260,fl,republican,,16,Vernon,Buchanan,,Gale,"Buchanan, Vernon Gale",1951-05-08,male,CongressmanBuchanan,@VernBuchanan,vernbuchanan,https://buchanan.house.gov,house,['hswm'],2022-02-15,62,48,7452500
106,R000606,md,democrat,,8,Jamin,Raskin,Jamie,Ben,"Raskin, Jamin Ben (Jamie)",1962-12-13,male,repraskin,@repraskin,,https://raskin.house.gov,house,"['hsgo', 'hsha', 'hsju', 'hsru']",2022-02-09,3,3,2219520
107,N000192,il,democrat,,3,Marie,Newman,,,"Newman, Marie",1964-04-13,female,,@RepMarieNewman,,https://newman.house.gov/,house,"['hspw', 'hssm']",2022-02-08,300,61,6252500
108,S001205,pa,democrat,,5,Mary,Scanlon,,Gay,"Scanlon, Mary Gay",1959-08-30,female,,@RepMGS,,https://scanlon.house.gov,house,"['hsha', 'hsju', 'hsru']",2022-02-04,8,7,137500
109,R000305,nc,democrat,,2,Deborah,Ross,,K,"Ross, Deborah K",1963-06-20,female,,@RepDeborahRoss,,https://ross.house.gov/,house,"['hsju', 'hsru', 'hssy']",2022-01-27,23,20,618500
110,C001120,tx,republican,,2,Daniel,Crenshaw,Dan,Reed,"Crenshaw, Daniel Reed (Dan)",1984-03-14,male,,@RepDanCrenshaw,,https://crenshaw.house.gov,house,['hsif'],2022-01-26,25,10,249000
111,C001080,ca,democrat,,27,Judy,Chu,,May,"Chu, Judy May",1953-07-07,female,RepJudyChu,@RepJudyChu,RepJudyChu,https://chu.house.gov,house,"['hsbu', 'hssm', 'hswm']",2022-01-26,3,2,97500
112,C001098,tx,republican,,,Rafael,Cruz,Ted,Edward,"Cruz, Rafael Edward (Ted)",1970-12-22,male,SenatorTedCruz,@SenTedCruz,sentedcruz,https://www.cruz.senate.gov,senate,"['jsec', 'sscm', 'ssfr', 'ssju', 'ssra']",2022-01-25,2,2,40500
113,F000246,tx,republican,,4,Patrick,Fallon,Pat,Edward,"Fallon, Patrick Edward (Pat)",1967-12-19,male,,@RepPatFallon,,https://fallon.house.gov/,house,"['hsas', 'hsgo']",2022-01-24,202,23,20284000
114,M001213,ut,republican,,1,Blake,Moore,,David,"Moore, Blake David",1980-06-22,male,,@RepBlakeMoore,,https://blakemoore.house.gov/,house,"['hsas', 'hsii']",2022-01-21,112,21,1030000
115,M001204,pa,republican,,9,Daniel,Meuser,Dan,P,"Meuser, Daniel P (Dan)",1964-02-10,male,,@RepMeuser,,https://meuser.house.gov,house,"['hsfa', 'hssm']",2022-01-21,43,15,658000
116,G000597,ny,republican,,2,Andrew,Garbarino,,R,"Garbarino, Andrew R",1984-09-27,male,,@RepGarbarino,,https://garbarino.house.gov/,house,"['hshm', 'hssm']",2022-01-14,15,11,120000
117,R000603,nc,republican,,7,David,Rouzer,,Cheston,"Rouzer, David Cheston",1972-02-16,male,RepRouzer,@RepDavidRouzer,,https://rouzer.house.gov,house,"['hsag', 'hspw']",2022-01-14,12,8,120500
118,G000559,ca,democrat,,3,John,Garamendi,,Raymond,"Garamendi, John Raymond",1945-01-24,male,repgaramendi,@RepGaramendi,garamendiCA10,https://garamendi.house.gov,house,"['hsas', 'hspw']",2022-01-14,4,4,56500
119,F000062,ca,democrat,,,Dianne,Feinstein,,Goldman,"Feinstein, Dianne Goldman Berman",1933-06-22,female,senatorfeinstein,@SenFeinstein,SenatorFeinstein,https://www.feinstein.senate.gov,senate,"['scnc', 'slin', 'ssap', 'ssju', 'ssra']",2022-01-10,14,7,45390000
120,S000185,va,democrat,,3,Robert,Scott,Bobby,Cortez,"Scott, Robert Cortez (Bobby)",1947-04-30,male,RepBobbyScott,@BobbyScott,repbobbyscott,https://bobbyscott.house.gov,house,"['hsbu', 'hsed']",2021-12-28,17,16,177500
121,C001103,ga,republican,,1,Earl,Carter,Buddy,Leroy,"Carter, Earl Leroy (Buddy)",1957-09-06,male,congressmanbuddycarter,@RepBuddyCarter,,https://buddycarter.house.gov,house,"['hsbu', 'hscn', 'hsif']",2021-12-28,14,14,1985500
122,T000482,ma,democrat,,3,Lori,Trahan,,Ann,"Trahan, Lori Ann Loureiro",1973-10-27,female,,@RepLoriTrahan,,https://trahan.house.gov,house,"['hsif', 'hsii']",2021-12-27,2,2,16000
123,M000934,ks,republican,,,Gerald,Moran,Jerry,Wesley,"Moran, Gerald Wesley (Jerry)",1954-05-29,male,jerrymoran,@JerryMoran,senatorjerrymoran,https://www.moran.senate.gov,senate,"['slia', 'ssap', 'ssbk', 'sscm', 'sshr', 'ssva']",2021-12-21,117,42,1009500
124,P000096,nj,democrat,,9,William,Pascrell,Bill,James,"Pascrell, William James, Jr (Bill)",1937-01-25,male,pascrell,@BillPascrell,RepPascrell,https://pascrell.house.gov,house,['hswm'],2021-12-20,2,2,16000
125,M001200,va,democrat,,4,Aston,McEachin,,Donald,"McEachin, Aston Donald",1961-10-10,male,RepMcEachin,@RepMcEachin,,https://mceachin.house.gov,house,"['hscn', 'hsif', 'hsii']",2021-12-17,6,6,48000
126,G000551,az,democrat,,3,Raul,Grijalva,,Manuel,"Grijalva, Raul Manuel",1948-02-19,male,Rep.Grijalva,@RepraulGrijalva,raulgrijalvaaz07,https://grijalva.house.gov,house,"['hsed', 'hsii']",2021-12-17,4,2,19432
127,S001150,ca,democrat,,28,Adam,Schiff,,Bennett,"Schiff, Adam Bennett",1960-06-22,male,RepAdamSchiff,@RepAdamSchiff,adamschiff,https://schiff.house.gov,house,['hsig'],2021-12-13,4,2,81000
128,S001190,il,democrat,,10,Bradley,Schneider,Brad,Scott,"Schneider, Bradley Scott (Brad)",1961-08-20,male,CongressmanBradSchneider,@repschneider,RepBradSchneider,https://schneider.house.gov,house,"['hsfa', 'hswm']",2021-12-10,8,3,1590000
129,C000266,oh,republican,,1,Steven,Chabot,Steve,Joseph,"Chabot, Steven Joseph (Steve)",1953-01-22,male,RepSteveChabot,@RepSteveChabot,congressmanchabot,https://chabot.house.gov,house,"['hsfa', 'hsju']",2021-12-01,3,3,91000
130,S001189,ga,republican,,8,James,Scott,,Austin,"Scott, James Austin",1969-12-10,male,RepAustinScott,@AustinScottGA08,RepAustinScott,https://austinscott.house.gov,house,"['hsag', 'hsas']",2021-11-30,77,13,959000
131,W000800,vt,democrat,,At-Large,Peter,Welch,,Francis,"Welch, Peter Francis",1947-05-02,male,PeterWelch,@PeterWelch,reppeterwelch,https://welch.house.gov,house,"['hsgo', 'hsif']",2021-11-26,55,39,636000
132,B001299,in,republican,,3,James,Banks,Jim,Edward,"Banks, James Edward (Jim)",1979-07-16,male,RepJimBanks,@RepJimBanks,,https://banks.house.gov,house,"['hsas', 'hsed', 'hsvr']",2021-11-19,52,6,514000
133,B001275,in,republican,,8,Larry,Bucshon,,Dean,"Bucshon, Larry Dean",1962-05-31,male,RepLarryBucshon,@RepLarryBucshon,RepLarryBucshon,https://bucshon.house.gov,house,['hsif'],2021-10-25,1,1,8000
134,M001212,al,republican,,2,Felix,Moore,,Barry,"Moore, Felix Barry",1966-09-26,male,,@RepBarryMoore,,https://barrymoore.house.gov/,house,"['hsag', 'hsvr']",2021-10-23,6,3,48000
135,Y000062,ky,democrat,,3,John,Yarmuth,,Allan,"Yarmuth, John Allan",1947-11-04,male,214258646163,@RepJohnYarmuth,RepJohnYarmuth,https://yarmuth.house.gov,house,"['hsbu', 'hsed']",2021-10-22,116,73,1845000
136,B001257,fl,republican,,12,Gus,Bilirakis,,Michael,"Bilirakis, Gus Michael",1963-02-08,male,GusBilirakis,@RepGusBilirakis,RepGusBilirakis,https://bilirakis.house.gov,house,['hsif'],2021-10-05,5,5,40000
137,B001297,co,republican,,4,Kenneth,Buck,Ken,Robert,"Buck, Kenneth Robert (Ken)",1959-02-16,male,repkenbuck,@RepKenBuck,,https://buck.house.gov,house,"['hsfa', 'hsju']",2021-09-09,1,1,8000
138,L000571,wy,republican,,,Cynthia,Lummis Wiederspahn,,Marie,"Lummis Wiederspahn, Cynthia Marie",1954-09-10,female,152754318103332,@SenLummis,CynthiaLummis,https://www.lummis.senate.gov,senate,"['ssbk', 'sscm', 'ssev']",2021-09-03,2,2,83000
139,P000616,mn,democrat,,3,Dean,Phillips,,Benson,"Phillips, Dean Benson",1969-01-20,male,,@RepDeanPhillips,,https://phillips.house.gov,house,"['hsfa', 'hsmh', 'hssm', 'hsso']",2021-09-01,580,239,6973000
140,U000031,mi,republican,,6,Frederick,Upton,Fred,Stephen,"Upton, Frederick Stephen (Fred)",1953-04-23,male,RepFredUpton,@RepFredUpton,RepFredUpton,https://upton.house.gov,house,['hsif'],2021-08-20,85,53,2668500
141,P000034,nj,democrat,,6,Frank,Pallone,,Joseph,"Pallone, Frank Joseph, Jr",1951-10-30,male,repfrankpallone,@FrankPallone,repfrankpallone,https://pallone.house.gov,house,['hsif'],2021-08-11,10,8,129000
142,B000740,ok,republican,,5,Stephanie,Bice,,Irene,"Bice, Stephanie Irene",1973-11-11,female,,@RepBice,,https://bice.house.gov/,house,"['hsas', 'hssy']",2021-08-06,1,1,8000
143,H001061,nd,republican,,,John,Hoeven,,Henry,"Hoeven, John Henry III",1957-03-13,male,SenatorJohnHoeven,@SenJohnHoeven,senatorjohnhoevennd,https://www.hoeven.senate.gov,senate,"['slia', 'ssaf', 'ssap', 'sseg']",2021-07-23,25,22,31996500
144,C001066,fl,democrat,,14,Katherine,Castor,Kathy,Anne,"Castor, Katherine Anne (Kathy)",1966-08-20,female,USRepKathyCastor,@USRepKCastor,RepKathyCastor,https://castor.house.gov,house,"['hscn', 'hsif']",2021-07-16,38,8,469000
145,C001055,hi,democrat,,1,Edward,Case,Ed,Espenett,"Case, Edward Espenett (Ed)",1952-09-27,male,,@RepEdCase,,https://case.house.gov,house,"['hsap', 'hsii']",2021-07-06,9,7,364500
146,B001267,co,democrat,,,Michael,Bennet,,Farrand,"Bennet, Michael Farrand",1964-11-28,male,senbennetco,@SenBennetCo,SenatorBennet,https://www.bennet.senate.gov/public,senate,"['slin', 'ssaf', 'ssfi']",2021-07-01,3,3,933000
147,K000383,me,other,independent democrat,,Angus,King,,Stanley,"King, Angus Stanley, Jr",1944-03-31,male,SenatorAngusSKingJr,@SenAngusKing,SenatorAngusKing,https://www.king.senate.gov,senate,"['slin', 'ssas', 'sseg', 'ssra']",2021-06-24,9,8,121000
148,W000823,fl,republican,,6,Michael,Waltz,,George,"Waltz, Michael George Glen",1974-01-31,male,,@RepMichaelWaltz,,https://waltz.house.gov,house,"['hsas', 'hssy']",2021-06-16,4,2,15815000
149,M001203,nj,democrat,,7,Tomasz,Malinowski,,P,"Malinowski, Tomasz P",1965-09-23,male,,@RepMalinowski,,https://malinowski.house.gov,house,"['hsfa', 'hshm', 'hspw']",2021-05-26,253,71,4456500
150,J000294,ny,democrat,,8,Hakeem,Jeffries,,Sekou,"Jeffries, Hakeem Sekou",1970-08-04,male,RepHakeemJeffries,@RepJeffries,,https://jeffries.house.gov,house,"['hsbu', 'hsju']",2021-05-17,7,6,80500
151,S001148,id,republican,,2,Michael,Simpson,Mike,Keith,"Simpson, Michael Keith (Mike)",1950-09-08,male,96007744606,@CongMikeSimpson,CongMikeSimpson,https://simpson.house.gov,house,['hsap'],2021-05-10,27,27,314000
152,R000605,sd,republican,,,Marion,Rounds,Mike,Michael,"Rounds, Marion Michael (Mike)",1954-10-24,male,SenatorMikeRounds,@SenatorRounds,,https://www.rounds.senate.gov,senate,"['slia', 'ssas', 'ssbk', 'ssfr', 'ssva']",2021-05-01,1,1,32500
153,B001135,nc,republican,,,Richard,Burr,,Mauze,"Burr, Richard Mauze",1955-11-30,male,SenatorRichardBurr,@SenatorBurr,SenatorRichardBurr,https://www.burr.senate.gov,senate,"['slin', 'spag', 'ssfi', 'sshr']",2021-04-30,46,23,1878000
154,D000600,fl,republican,,25,Mario,Diaz-Balart Caballero,,Rafael,"Diaz-Balart Caballero, Mario Rafael",1961-09-25,male,mdiazbalart,@MarioDB,MarioDiazBalart,https://mariodiazbalart.house.gov,house,['hsap'],2021-04-22,1,1,75000
155,H001072,ar,republican,,2,James,Hill,,French,"Hill, James French",1956-12-05,male,RepFrenchHill,@RepFrenchHill,,https://hill.house.gov,house,['hsba'],2021-04-14,9,8,175103
156,G000577,la,republican,,6,Garret,Graves,,Neal,"Graves, Garret Neal",1972-01-31,male,CongressmanGarretGraves,@RepGarretGraves,,https://garretgraves.house.gov,house,"['hscn', 'hsii', 'hspw']",2021-04-13,9,8,72000
157,K000377,az,democrat,,,Mark,Kelly,,Edward,"Kelly, Mark Edward",1964-02-21,male,SenMarkKelly,@SenMarkKelly,SenMarkKelly,https://www.kelly.senate.gov,senate,"['jsec', 'spag', 'ssas', 'sseg', 'ssev']",2021-04-13,1,1,8000
158,D000622,il,democrat,,,Ladda,Duckworth,,Tammy,"Duckworth, Ladda Tammy",1968-03-12,female,SenDuckworth,@SenDuckworth,repduckworth,https://www.duckworth.senate.gov,senate,"['ssas', 'sscm', 'ssev', 'sssb']",2021-04-05,3,3,48500
159,H001091,ia,republican,,1,Ashley,Hinson Arenholz,,Elizabeth,"Hinson Arenholz, Ashley Elizabeth",1983-06-27,female,,@RepAshleyHinson,,https://hinson.house.gov/,house,"['hsap', 'hsbu']",2021-03-31,14,12,1495500
160,L000591,va,democrat,,2,Elaine,Luria,,Goodman,"Luria, Elaine Goodman",1975-08-15,female,,@RepElaineLuria,,https://luria.house.gov,house,"['hsas', 'hshm', 'hsvr']",2021-03-31,4,4,766000
161,G000579,wi,republican,,8,Michael,Gallagher,Mike,John,"Gallagher, Michael John (Mike)",1984-03-03,male,RepMikeGallagher,@RepGallagher,,https://gallagher.house.gov,house,"['hsas', 'hspw']",2021-03-25,38,34,451000
162,M001196,ma,democrat,,6,Seth,Moulton,,Wilbur,"Moulton, Seth Wilbur",1978-10-24,male,CongressmanSethMoulton,@teammoulton,,https://moulton.house.gov,house,"['hsas', 'hsbu', 'hspw']",2021-03-08,2,2,350000
163,M001198,ks,republican,,,Roger,Marshall,,Wayne,"Marshall, Roger Wayne",1960-08-09,male,rogermarshallmd,@SenatorMarshall,,https://www.marshall.senate.gov,senate,"['ssaf', 'sseg', 'sshr', 'sssb']",2021-03-01,44,16,719000
164,N000147,dc,democrat,,At-Large,Eleanor,Norton,,Holmes,"Norton, Eleanor Holmes",1937-06-13,female,CongresswomanNorton,@EleanorNorton,EleanorHNorton,https://norton.house.gov,house,"['hsgo', 'hspw']",2021-03-01,4,4,172500
165,I000024,ok,republican,,,James,Inhofe,,Mountain,"Inhofe, James Mountain",1934-11-17,male,jiminhofe,@InhofePress,jiminhofepressoffice,https://www.inhofe.senate.gov,senate,"['slin', 'ssas', 'ssev', 'sssb']",2021-01-05,20,15,1144000
166,R000582,tn,republican,,1,David,Roe,Phil,Phillip,"Roe, David Phillip (Phil)",1945-07-21,male,DrPhilRoe,@DrPhilRoe,drphilroe,https://roe.house.gov,house,[],2020-12-31,2018,422,27552500
167,C001123,ca,democrat,,39,Gilbert,Cisneros,Gil,Ray,"Cisneros, Gilbert Ray, Jr (Gil)",1971-02-12,male,,@RepGilCisneros,,https://cisneros.house.gov,house,[],2020-12-31,832,380,13153000
168,R000607,fl,republican,,19,Laurence,Rooney,,Francis,"Rooney, Laurence Francis III",1953-12-04,male,RepRooney,@RepRooney,,https://francisrooney.house.gov,house,[],2020-12-23,207,119,6032500
169,R000307,ks,republican,,,Charles,Roberts,Pat,Patrick,"Roberts, Charles Patrick (Pat)",1936-04-20,male,SenPatRoberts,@SenPatRoberts,SenPatRoberts,https://www.roberts.senate.gov,senate,[],2020-12-22,164,36,5792500
170,G000584,mt,republican,,At-Large,Gregory,Gianforte,Greg,Richard,"Gianforte, Gregory Richard (Greg)",1961-04-17,male,RepGianforte,@gianforte,,https://gianforte.house.gov,house,[],2020-12-21,574,312,35194500
171,C001062,tx,republican,,11,Kenneth,Conaway,Mike,Michael,"Conaway, Kenneth Michael (Mike)",1948-06-11,male,mike.conaway,@ConawayTX11,mikeconaway11,https://conaway.house.gov,house,[],2020-12-21,274,95,12458500
172,C001108,ky,republican,,1,James,Comer,,Richardson,"Comer, James Richardson Jr",1972-08-19,male,congressmancomer,@RepJamesComer,,https://comer.house.gov,house,"['hsed', 'hsgo']",2020-12-17,15,9,144500
173,K000391,il,democrat,,8,Subramanian,Krishnamoorthi,,Raja,"Krishnamoorthi, Subramanian Raja",1973-07-19,male,congressmanraja,@congressmanraja,,https://krishnamoorthi.house.gov,house,['hsgo'],2020-12-11,2,2,150000
174,H001058,mi,republican,,2,William,Huizenga,Bill,Patrick,"Huizenga, William Patrick (Bill)",1969-01-31,male,RepHuizenga,@RepHuizenga,RepHuizenga,https://huizenga.house.gov,house,['hsba'],2020-12-07,1,1,8000
175,M001158,tx,republican,,24,Kenny,Marchant,,Ewell,"Marchant, Kenny Ewell",1951-02-23,male,RepKennyMarchant,@RepKenMarchant,RepKennyMarchant,https://marchant.house.gov,house,[],2020-11-25,194,79,5734500
176,M001206,ny,democrat,,25,Joseph,Morelle,Joe,D,"Morelle, Joseph D (Joe)",1957-04-29,male,,@repjoemorelle,,https://morelle.house.gov,house,"['hsas', 'hsbu', 'hsed', 'hsru']",2020-11-20,17,16,185000
177,M001156,nc,republican,,10,Patrick,McHenry,,Timothy,"McHenry, Patrick Timothy",1975-10-22,male,CongressmanMcHenry,@PatrickMcHenry,CongressmanMcHenry,https://mchenry.house.gov,house,['hsba'],2020-11-19,1,1,32500
178,C001075,la,republican,,,William,Cassidy,Bill,Morgan,"Cassidy, William Morgan (Bill)",1957-09-28,male,,@BillCassidy,SenatorBillCassidy,https://www.cassidy.senate.gov,senate,"['jsec', 'sseg', 'ssfi', 'sshr', 'ssva']",2020-11-05,44,25,352000
179,D000598,ca,democrat,,53,Susan,Davis,,Carol,"Davis, Susan Carol Alpert",1944-04-13,female,RepSusanDavis,@RepSusanDavis,RepSusanADavis,https://susandavis.house.gov,house,[],2020-10-28,20,13,429500
180,H001065,nc,republican,,2,George,Holding,,Edward,"Holding, George Edward Bell",1968-04-17,male,CongressmanGeorgeHolding,@RepHolding,repholding,https://holding.house.gov,house,[],2020-10-22,31,11,370500
181,V000108,in,democrat,,1,Peter,Visclosky,Pete,John,"Visclosky, Peter John (Pete)",1949-08-13,male,repvisclosky,@RepVisclosky,PeteVisclosky1,https://visclosky.house.gov,house,[],2020-10-15,2,2,16000
182,S001199,pa,republican,,11,Lloyd,Smucker,,Kenneth,"Smucker, Lloyd Kenneth",1964-01-23,male,RepSmucker,@RepSmucker,,https://smucker.house.gov,house,"['hsbu', 'hswm']",2020-10-09,9,3,243500
183,N000189,wa,republican,,4,Daniel,Newhouse,,Milton,"Newhouse, Daniel Milton",1955-07-10,male,RepNewhouse,@RepNewhouse,,https://newhouse.house.gov,house,['hsap'],2020-10-01,1,1,8000
184,P000612,ga,republican,,,David,Perdue,,Alfred,"Perdue, David Alfred, Jr",1949-12-10,male,SenatorDavidPerdue,@sendavidperdue,,https://www.perdue.senate.gov,senate,[],2020-09-25,538,144,23936000
185,L000594,ga,republican,,,Kelly,Loeffler,,Lynn,"Loeffler, Kelly Lynn",1970-11-27,female,,@SenatorLoeffler,,https://www.loeffler.senate.gov,senate,[],2020-09-23,280,112,117966000
186,D000626,oh,republican,,8,Warren,Davidson,,Earl,"Davidson, Warren Earl",1970-03-01,male,CongressmanWarrenDavidson,@WarrenDavidson,,https://davidson.house.gov,house,['hsba'],2020-09-21,5,3,205000
187,K000379,ma,democrat,,4,Joseph,Kennedy,Joe,Patrick,"Kennedy, Joseph Patrick III (Joe)",1980-10-04,male,301936109927957,@RepJoeKennedy,,https://kennedy.house.gov,house,[],2020-09-15,3,3,48500
188,H001038,ny,democrat,,26,Brian,Higgins,,Michael,"Higgins, Brian Michael",1959-10-06,male,RepBrianHiggins,@RepBrianHiggins,CongressmanHiggins,https://higgins.house.gov,house,"['hsbu', 'hswm']",2020-09-04,3,3,97500
189,Y000065,fl,republican,,3,Theodore,Yoho,Ted,Scott,"Yoho, Theodore Scott (Ted)",1955-04-13,male,CongressmanTedYoho,@RepTedYoho,RepTedYoho,https://yoho.house.gov,house,[],2020-08-21,14,12,139925
190,C001124,ca,democrat,,21,Terrance,Cox,TJ,John,"Cox, Terrance John (TJ)",1963-07-18,male,,@RepTjCox,,https://cox.house.gov,house,[],2020-08-17,2,2,925000
191,C001049,mo,democrat,,1,William,Clay,,Lacy,"Clay, William Lacy Jr",1956-07-27,male,109135405838588,@LacyClayMO1,WilliamLacyClay,https://lacyclay.house.gov,house,[],2020-07-21,2,2,16000
192,M001184,ky,republican,,4,Thomas,Massie,,Harold,"Massie, Thomas Harold",1971-01-13,male,RepThomasMassie,@RepThomasMassie,repthomasmassie,https://massie.house.gov,house,"['hsju', 'hspw']",2020-07-14,1,1,32500
193,H001088,mn,republican,,1,James,Hagedorn,Jim,Lee,"Hagedorn, James Lee (Jim)",1962-08-04,male,,@RepHagedorn,,https://hagedorn.house.gov,house,"['hsag', 'hssm']",2020-07-08,1,1,8000
194,T000480,sc,republican,,4,William,Timmons,,Richardson IV,"Timmons, William Richardson IV",1984-04-30,male,,@RepTimmons,,https://timmons.house.gov,house,"['hsba', 'hsmh']",2020-06-29,18,14,144000
195,M001185,ny,democrat,,18,Sean,Maloney,,Patrick,"Maloney, Sean Patrick",1966-07-30,male,RepSeanMaloney,@RepSeanMaloney,,https://seanmaloney.house.gov,house,"['hsag', 'hspw']",2020-06-26,8,8,11050
196,K000378,il,republican,,16,Adam,Kinzinger,,Daniel,"Kinzinger, Adam Daniel",1978-02-27,male,RepKinzinger,@RepKinzinger,RepAdamKinzinger,https://kinzinger.house.gov,house,"['hsfa', 'hsif']",2020-06-25,24,4,192000
197,S001206,fl,democrat,,27,Donna,Shalala,,Edna,"Shalala, Donna Edna",1941-02-14,female,,@RepShalala,,https://shalala.house.gov,house,[],2020-06-19,12,7,913000
198,R000616,ca,democrat,,48,Harley,Rouda,,Edwin,"Rouda, Harley Edwin, Jr",1961-12-10,male,,@RepHarley,,https://rouda.house.gov,house,[],2020-06-02,6,3,790000
199,W000437,ms,republican,,,Roger,Wicker,,Frederick,"Wicker, Roger Frederick",1951-07-05,male,SenatorWicker,@SenatorWicker,SenatorWicker,https://www.wicker.senate.gov,senate,"['jcse', 'jspr', 'ssas', 'sscm', 'ssev', 'ssra']",2020-05-04,2,2,16000
200,B001286,il,democrat,,17,Cheryl,Bustos,Cheri,Lea,"Bustos, Cheryl Lea (Cheri)",1961-10-17,female,RepCheri,@RepCheri,RepCheri,https://bustos.house.gov,house,"['hsag', 'hsap']",2020-04-06,21,14,658000
201,B001284,in,republican,,5,Susan,Brooks,,Lynn,"Brooks, Susan Lynn Wiant",1960-08-25,female,congresswomansusanwbrooks,@SusanWBrooks,SusanWBrooks,https://susanwbrooks.house.gov,house,[],2020-04-06,16,15,177000
202,O000171,az,democrat,,1,Thomas,O'Halleran,Tom,Charles,"O'Halleran, Thomas Charles (Tom)",1946-01-24,male,repohalleran,@repohalleran,,https://ohalleran.house.gov,house,"['hsag', 'hsif']",2020-03-31,2,2,16000
203,R000597,sc,republican,,7,Hugh,Rice,Tom,Thompson,"Rice, Hugh Thompson, Jr (Tom)",1957-08-04,male,reptomrice,@RepTomRice,RepTomRice,https://rice.house.gov,house,['hswm'],2020-03-23,12,5,169500
204,T000483,md,democrat,,6,David,Trone,,John,"Trone, David John",1955-09-21,male,,@RepDavidTrone,,https://trone.house.gov,house,"['hsap', 'hsvr']",2020-03-19,8,7,1023500
205,A000367,mi,other,independent,3,Justin,Amash,,,"Amash, Justin",1980-04-18,male,repjustinamash,@justinamash,repjustinamash,https://amash.house.gov,house,[],2020-03-18,3,1,48500
206,T000479,tx,republican,,3,Nicholas,Taylor,,Van Campen,"Taylor, Nicholas Van Campen",1972-08-01,male,,@RepVanTaylor,,https://vantaylor.house.gov,house,['hsba'],2020-03-17,28,9,3067500
207,J000293,wi,republican,,,Ronald,Johnson,Ron,Harold,"Johnson, Ronald Harold (Ron)",1955-04-08,male,senronjohnson,@SenRonJohnson,SenatorRonJohnson,https://www.ronjohnson.senate.gov,senate,"['ssbu', 'sscm', 'ssfr', 'ssga']",2020-03-02,2,2,15175000
208,P000603,ky,republican,,,Randal,Paul,Rand,Howard,"Paul, Randal Howard (Rand)",1963-01-07,male,SenatorRandPaul,@RandPaul,SenatorRandPaul,https://www.paul.senate.gov,senate,"['ssfr', 'ssga', 'sshr', 'sssb']",2020-02-26,1,1,8000
209,B001309,tn,republican,,2,Timothy,Burchett,Tim,Floyd,"Burchett, Timothy Floyd (Tim)",1964-08-25,male,,@RepTimBurchett,,https://burchett.house.gov,house,"['hsfa', 'hspw']",2020-02-12,1,1,8000
210,F000461,tx,republican,,17,William,Flores,Bill,Hose,"Flores, William Hose, Sr (Bill)",1954-02-25,male,RepBillFlores,@RepBillFlores,RepBillFlores,https://flores.house.gov,house,[],2019-12-31,6,5,449000
211,G000578,fl,republican,,1,Matthew,Gaetz,Matt,Louis,"Gaetz, Matthew Louis (Matt)",1982-05-07,male,CongressmanMattGaetz,@RepMattGaetz,,https://gaetz.house.gov,house,"['hsas', 'hsju']",2019-12-19,4,3,160303
212,L000557,ct,democrat,,1,John,Larson,,Barry,"Larson, John Barry",1948-07-22,male,RepJohnLarson,@RepJohnLarson,RepJohnLarson,https://larson.house.gov,house,['hswm'],2019-12-18,37,34,418500
213,A000360,tn,republican,,,Andrew,Alexander,,Lamar,"Alexander, Andrew Lamar, Jr",1940-07-03,male,senatorlamaralexander,@SenAlexander,lamaralexander,https://www.alexander.senate.gov/public,senate,[],2019-11-13,2,2,65000
214,R000612,tn,republican,,6,John,Rose,,Williams,"Rose, John Williams",1965-02-23,male,,@RepJohnRose,,https://johnrose.house.gov,house,['hsba'],2019-11-12,8,7,2208000
215,W000806,fl,republican,,11,Daniel,Webster,,Alan,"Webster, Daniel Alan",1949-04-27,male,RepWebster,@RepWebster,repdanwebster,https://webster.house.gov,house,"['hsii', 'hspw', 'hssy']",2019-10-08,2,1,16000
216,F000449,ne,republican,,1,Jeffrey,Fortenberry,Jeff,Lane,"Fortenberry, Jeffrey Lane (Jeff)",1960-12-27,male,jefffortenberry,@JeffFortenberry,JeffFortenberry,https://fortenberry.house.gov,house,['hsap'],2019-09-24,2,1,65000
